Word,Count,Percentage,24274
The,1270,0.052319354,
How,667,0.02747796,
We,596,0.02455302,
Can,544,0.02241081,
Here's,451,0.01857955,
Are,282,0.011617368,
1,200,0.008239268,
People,197,0.008115679,
Do,164,0.0067562,
I,148,0.006097059,
Watch,98,0.004037241,
Who,92,0.003790063,
An,72,0.002966137,
For,63,0.00259537,
Tell,56,0.002306995,
Women,52,0.00214221,
5,39,0.001606657,
Should,37,0.001524265,
Literally,36,0.001483068,
Man,32,,0.208618275
Just,31,,
Everyone,31,,
Everything,31,,
6,30,,
Taylor,30,,
Would,28,,
New,28,,
Only,28,,
Things,28,,
Did,28,,
Lady,27,,
One,27,,
50,26,,
I'm,26,,
Amazing,24,,
Two,23,,
Amy,23,,
41,23,,
Kanye,22,,
42,22,,
40,22,,
Top,21,,
Tom,21,,
Ellen,20,,
Take,19,,
So,19,,
Kim,19,,
Disney,19,,
Kylie,19,,
Please,18,,
"Arrested,1
Couples,14
UPS,1
The",18,,
45,18,,
Don't,17,,
Cat,17,,
44,17,,
Adele,16,,
Woman,16,,
Men,16,,
Every,16,,
Incredible,15,,
Oh,15,,
Americans,15,,
100,14,,
Holy,14,,
J.K.,14,,
Try,13,,
Tina,13,,
Rick,13,,
Russian,13,,
Show,13,,
Twitter,13,,
Katy,13,,
Hey,13,,
Inside,13,,
Chrissy,12,,
Kids,12,,
Where,12,,
Harry,12,,
Hot,12,,
Creepy,12,,
Signs,12,,
Kendall,12,,
Another,11,,
51,11,,
Awesome,11,,
3,11,,
Pick,11,,
Old,11,,
47,11,,
Does,10,,
Gay,10,,
That,10,,
Drake,10,,
Nicki,10,,
55,9,,
Jon,9,,
American,9,,
Drunk,9,,
Michael,9,,
Fox,9,,
Now,9,,
Paul,8,,
Terrifying,8,,
Epic,8,,
Crazy,8,,
Check,8,,
Selena,8,,
53,8,,
Horrifying,8,,
Guess,8,,
Daniel,8,,
Listen,8,,
You'll,8,,
Leonardo,8,,
Remember,8,,
75,8,,
College,8,,
As,8,,
Apparently,8,,
And,8,,
48,8,,
Human,7,,
Prince,7,,
Day,7,,
George,7,,
Pizza,7,,
'90s,7,,
Worst,7,,
U.S.,7,,
Insane,7,,
Ruby,7,,
Super,7,,
Definitive,7,,
Serious,7,,
Neil,7,,
Look,7,,
Jessica,7,,
Say,7,,
OMG,7,,
Aziz,7,,
Sexy,7,,
49,7,,
Star,6,,
Reminder:,6,,
Courtney,6,,
57,6,,
Let,6,,
Being,6,,
Everyday,6,,
Mark,6,,
Parents,6,,
Kelly,6,,
Cara,6,,
Bill,6,,
Rob,6,,
Celebrity,6,,
Video,6,,
Christina,5,,
Seth,5,,
Rainbow,5,,
Stunning,5,,
Matthew,5,,
James,5,,
Emilia,5,,
58,5,,
56,5,,
Hilary,5,,
Shia,5,,
Welcome,5,,
Stephen,5,,
Ice,5,,
Before,5,,
Liam,5,,
Real,5,,
Alex,5,,
Ed,5,,
Grandmas,5,,
Priyanka,5,,
79,5,,
Cute,5,,
Rachel,5,,
"Very,1
Miss,6
Bigfoot,1
Creatures,1
Insanely,5
Elders,1
Benedict,6
Photographer,3
Racism,1
Tim,4
Shaggy,1
Racist,2
Boy,,1
Viola,4
Aretha,1
34,40
Easter,1
Chipotle,2
Nyle,1
Teen,3
Squirrel,2
Mind-Blowing,1
So,,12
Fully,1
9,125
Cop,3
About,1
Granted,,1
Cow,2
Scenes,1
$190,000,1
Flamboyantly,1
Movies,1
Metrodome,1
Nancy,2
Parisians,1
Flight,1
Coffin,1
Lizzy,1
Camel,1
Percussionist,1
Applebee's,1
Club,1
Rate,4
WTF,,1
Girl,7
Harry",5,,
On,5,,
Married,5,,
Hello,5,,
Young,5,,
At,5,,
PSA:,5,,
America,5,,
Police,5,,
Serena,5,,
Mother,5,,
Channing,5,,
Obama,5,,
PETA,5,,
Pug,4,,
Queen,4,,
99,4,,
Lil,4,,
Where's,4,,
Millions,4,,
Who's,4,,
Facts,4,,
McDonald's,4,,
8-Year-Old,4,,
Beautiful,4,,
Surreal,4,,
Here’s,4,,
"A,1
Rapping,1
Tornado,1
Coca-Cola's,1
Stop,22
I",4,,
President,4,,
Adam,4,,
Snooki's,4,,
Hundreds,4,,
54,4,,
52,4,,
Introducing,4,,
Keyboard,4,,
Rebel,4,,
Mariah,4,,
Even,4,,
Famous,4,,
Name,4,,
Cher,4,,
Greatest,4,,
Dr.,4,,
Adele's,4,,
Shonda,4,,
Asian,4,,
Willow,4,,
Charlie,4,,
Jared,4,,
Indian,4,,
According,4,,
Boyfriends,4,,
Google,4,,
Gabrielle,4,,
French,4,,
Was,4,,
Students,4,,
Classic,4,,
Fans,4,,
We're,4,,
Last,4,,
Caitlyn,4,,
Lesbian,4,,
Not,4,,
Canadian,4,,
Kris,4,,
Republican,4,,
Scientists,4,,
Mitt,3,,
Santorum,3,,
Trying,3,,
Bacon,3,,
Warning:,3,,
Go,3,,
Arizona,3,,
Three,3,,
Behind,3,,
Struggles,3,,
Antoine,3,,
Rihanna's,3,,
Children,3,,
Avril,3,,
Nintendo,3,,
Alexander,3,,
"Best,1
Vampire,2
Angela,1
Poké,1
Maddie,1
Has,2
Transgender,1
Then,4
Christian,8
Egyptian,1
What?,1
Emojis:,1
Albert,1
Manny,1
Let's,25
Band,1
They,5
Unicorn,1
Ask,2
Drastic,1
Bank,1
Pacey,1
Edible,2
Artist,2
FKA,2
CoCo's,1
Meow,,1
Ashley,2
Tapir,1
106,3
Bambi,1
Comet,1
Zodiac,1
Hands-Free,1
AT-AT,1
Bernie,2
Aidan,1
Sofia,3
Deleted,1
Single,4
Gymnastics,1
Want,4
'70s,1
Sarah,11
ALERT:,2
Potterheads,2
Living,1
Tokyo/Glow,1
Flash,1
Colbert,1
Twisted,1
Miley,13
Melon,1
Anne,7
Macho,1
Pedonald,1
Anna,4
Tenacious,1
Lupita,3
Kittens,2
Big,4
Canadians:,2
Americans:,1
'Bad,1
Hailee,1
Love",3,,
Doug,3,,
Pete,3,,
Spike,3,,
Newt,3,,
Filipino,3,,
Gwyneth,3,,
Herman,3,,
Emily,3,,
Indians,3,,
Dad,3,,
Oreo,3,,
Tsunami,3,,
Celebs,3,,
Dutch,3,,
1,3,,
White,3,,
Joe,3,,
Sign,3,,
DJ,3,,
Hilarious,3,,
Moms,3,,
Getting,3,,
Lea,3,,
Incredibly,3,,
RIP,3,,
Louis,3,,
Turn,3,,
Brits,3,,
'The,3,,
Dick,3,,
Talk,3,,
Four,3,,
Eddie,3,,
Ava,3,,
Read,3,,
Darth,3,,
Great,3,,
Kentucky,3,,
CNN,3,,
Aubrey,3,,
Beyoncé,3,,
Elle,3,,
Eat,3,,
Beyonce,3,,
Totally,3,,
POLL:,3,,
Fall,3,,
Dudes,3,,
Sean,3,,
Rashida,3,,
"Star,1
Gentleman,1
Joseph,3
Gigi,3
Build,9
Aaahh!!!,1
Reminder,6
More,7
Talking,1
Amul's,1
Samuel,3
Nelly,1
Dramatic,1
Macklemore,1
7,116
Cook,1
'Freakonomics:',1
Sascha,1
Saturday",3,,
Meghan,3,,
Amandla,3,,
76,3,,
70,3,,
Perfect,3,,
Amanda,3,,
Most,3,,
Billy,3,,
Boy,3,,
Angelina,3,,
Ron,3,,
Glenn,3,,
Disturbing,3,,
Bryan,3,,
Mad,3,,
Jim,3,,
Candy,3,,
Alan,3,,
Olivia,3,,
Homemade,3,,
Molly,3,,
Director,3,,
Colton,3,,
Nickelodeon,3,,
Sam,3,,
Girls,3,,
2015,3,,
Ricky,3,,
KFC's,3,,
Official,3,,
4-Year-Old,3,,
We'll,3,,
Megan,3,,
46,3,,
Five,3,,
Starbucks',2,,
NYC,2,,
Apple's,2,,
Trans,2,,
China's,2,,
Nirvana,2,,
Henry,2,,
SNL,2,,
Strange,2,,
Game,2,,
Put,2,,
108,2,,
Decorate,2,,
Octopus,2,,
Hair,2,,
St.,2,,
Sick,2,,
Basil,2,,
Salma,2,,
95,2,,
Aly,2,,
Jurassic,2,,
Santas,2,,
Helen,2,,
Steph,2,,
Gina,2,,
Cereal,2,,
Bacon-Wrapped,2,,
National,2,,
Prepare,2,,
Anushka,2,,
14-Year-Old,2,,
Rare,2,,
Fun,2,,
Natasha,2,,
Craig,2,,
Sea,2,,
Madonna,2,,
Chicago,2,,
Ke$ha's,2,,
BuzzFeed's,2,,
Gays,2,,
Mini,2,,
Native,2,,
Thank,2,,
Raven,2,,
Gal,2,,
News,2,,
Wine,2,,
Krampus,2,,
Bomb,2,,
Teenagers,2,,
Further,2,,
Basic,2,,
Break,2,,
NBA,2,,
Indiana,2,,
Today,2,,
SNL,2,,
He,2,,
Kevin,2,,
Erykah,2,,
Solange,2,,
Hear,2,,
Sonakshi,2,,
Burning,2,,
Dylan,2,,
Leslie,2,,
Katie,2,,
Breaking,2,,
Jan,2,,
Genetic,2,,
Barack,2,,
Live,2,,
Stone,2,,
Sometimes,2,,
Isn't,2,,
Triple,2,,
Call,2,,
200,2,,
Allison,2,,
Beyoncé's,2,,
Iggy,2,,
Once,2,,
BFFs,2,,
Having,2,,
Instagram,2,,
URGENT:,2,,
Target,2,,
Ranking,2,,
Full,2,,
Roommates,2,,
Scotch,2,,
Lauren,2,,
Album,2,,
Freddie,2,,
They're,2,,
Iron,2,,
Tall,2,,
Terror,2,,
Waka,2,,
Rapper,2,,
Celine,2,,
Birthday,2,,
Cookie,2,,
Cowboy,2,,
Confessions,2,,
Guide,2,,
Joanna,2,,
Space,2,,
Gorgeous,2,,
Veterans,2,,
Jake,2,,
Pharrell,2,,
Country,2,,
Tinder,2,,
Modern,2,,
Wiz,2,,
Canada,2,,
Winter,2,,
Canada's,2,,
Gwen,2,,
Carly,2,,
Soldiers,2,,
Halloween,2,,
TSA,2,,
Easy,2,,
East,2,,
Dubstep,2,,
Rush,2,,
Australians,2,,
Airplane,2,,
Rescue,2,,
Toy,2,,
Yoga,2,,
Animal,2,,
Sweet,2,,
Lightning,2,,
Realistic,2,,
Victorian,2,,
Comedians,2,,
Telephone,2,,
End,2,,
Solve,2,,
Fantastic,2,,
NASA,2,,
11-Year-Old,2,,
Indians:,2,,
Dozens,2,,
Hannah,2,,
Virginia,2,,
77,2,,
Bohemian,2,,
73,2,,
71,2,,
Fresh,2,,
JK,2,,
Behold,2,,
NYPD,2,,
Sex,2,,
Play,2,,
Feel,2,,
Snapchat,2,,
Graphic,2,,
Of,2,,
Japan's,2,,
Or,2,,
OK,2,,
Brett,2,,
Bow,2,,
Bon,2,,
Bob,2,,
Pinterest,2,,
Kitty,2,,
Tommy,2,,
Grandma,2,,
Extremely,2,,
Scott,2,,
Based,2,,
"Steve,1
Pantone,1
Unborn,1
Someone,42
Emo",2,,
Lucky,2,,
Calvin,2,,
Fast,2,,
Witches',2,,
Kristin,2,,
Kathy,2,,
Vote,2,,
Cats,2,,
Christmas,2,,
Spray,2,,
KFC,2,,
Whale,2,,
Nathan,2,,
"Hunger,1
Joel,1
Request,2
British,5
Days,1
OMG!,1
Beardless,1
Lifetime,1
OMG,,9
“Game,1
Apple,3
Deepika,1
Black",2,,
Car,2,,
Conan,2,,
Gary,2,,
Democratic,2,,
Duck,2,,
Barbie,2,,
Drake's,2,,
Toronto,2,,
Lil',2,,
Johnny,2,,
US,2,,
Questions,2,,
Japan,2,,
Morgan,2,,
CGI,2,,
"We,3
Child,1
Marnie,3
Walking",2,,
Jenna,2,,
Wendy,2,,
Like,2,,
Hooded,1,,
Itâ€™s,1,,
Sugar,1,,
Potty,1,,
Umbrella,1,,
Radiohead:,1,,
iDish:,1,,
,1,,
Changing,1,,
Drowning,1,,
Key,1,,
Iranian,1,,
Texting,1,,
Senator,1,,
Popstars,1,,
Deena,1,,
Mary-Kate,1,,
Military,1,,
NYU,1,,
Campaign,1,,
Journeys,1,,
Hedley,1,,
Dino,1,,
Tanning,1,,
Cowboys,1,,
Gems,1,,
Dunkin',1,,
Mitch,1,,
Nightmare,1,,
271,1,,
Tape,1,,
7th,1,,
'Hiccup,1,,
Chair-Throwing,1,,
Lamar,1,,
Initially,1,,
Sweden's,1,,
Snowpocalypse,1,,
Twilight,1,,
First-Generation,1,,
Neville,1,,
Made,1,,
Morbidly,1,,
Smooth,1,,
3-Year-Old,1,,
Quadriplegic,1,,
Ohio,1,,
101,1,,
105,1,,
X-Men,1,,
Babysitter's,1,,
Dominique,1,,
Hail,1,,
Cheong-ah,1,,
'Jersey,1,,
Twinkie,1,,
Creationists,1,,
Charli,1,,
Privacy,1,,
Giving,1,,
Wrapping,1,,
Book,1,,
Dzhokhar,1,,
Piano,1,,
Beavis,1,,
Ronald,1,,
Accidental,1,,
Reporter,1,,
Lucerne's,1,,
Stay,1,,
School-Sanctioned,1,,
25th,1,,
Blind,1,,
Eggnog,1,,
Teabaggers,1,,
97,1,,
1991,1,,
Crowd,1,,
Nas,1,,
Rattlesnakes,1,,
#FreeTheNipple,1,,
Gabby,1,,
Dictator,1,,
Boys',1,,
Shittens,1,,
16-Year-Old,1,,
Brian,1,,
Lip,1,,
Bruno,1,,
Nine-Year-Old,1,,
I's,1,,
"Sparrow,1
Blowing,2
Watching,2
Trypophobia,2
Carlashes,1
Anatomy,1
Muslims,1
Jack,7
Miranda,2
Burglary,1
Skiers,1
A,415
Something's,1
Blade,1
Barbie-In-A-Blender,1
P-NUT,1
Alaska,1
Will,19
Working,1
Haha.,1
Reese,2
Wild,1
Sammy,1
Around,1
All,26
Murmurs,1
Bananas,1
Ali,1
Alf,1
Pigeons,1
Chimp,1
Japanese,11
Art,2
Geordie,2
Speed",1,,
Hustler,1,,
Brand,1,,
Shrooming,1,,
Biggest,1,,
"Who,1
Gardener,1
Actresses,1
Urban,4
His,1
Bands,1
What's,188
Panic!,1
50,000,1
Here,96
Tinker,1
Evan,2
Grey's",1,,
Hin,1,,
Cardi,1,,
Bobby,1,,
Gotta,1,,
Cards,1,,
Liberal,1,,
Indie,1,,
Goose,1,,
Planning,1,,
Goku,1,,
Chewing,1,,
Braces,1,,
Elton,1,,
Faith,1,,
#ChickenTweet,1,,
Tigger,1,,
Gabourey,1,,
Derek,1,,
Riding,1,,
Dresses,1,,
Michele,1,,
Warm,1,,
Hold,1,,
Authentic,1,,
Awkwardly,1,,
Motorcycle,1,,
Scary,1,,
Join,1,,
Barguments:,1,,
University,1,,
Lingerie,1,,
Old-School,1,,
Crackhead,1,,
Ring,1,,
Chad,1,,
Twihard's,1,,
Wendy's,1,,
Horn,1,,
Niger,1,,
Nicolas,1,,
U.K.,1,,
'Black,1,,
Creative,1,,
Cell,1,,
Going,1,,
Wounded,1,,
Outrage,1,,
Snuffleupagus,1,,
Cats,1,,
Found:,1,,
Nyctophobia,1,,
Uncle,1,,
Haiti,1,,
Ahmed,1,,
Prune,1,,
Spiderman,1,,
Millennials,1,,
Sunset,1,,
J.J.,1,,
Discontinued,1,,
Iraq,1,,
CeeLo,1,,
Idiots,1,,
Catnarok!,1,,
Colin,1,,
Groundbreaking,1,,
Deathers,1,,
Horchata,1,,
Anxiety,1,,
Issa,1,,
D.C.,1,,
"You,1
Turns,5
Seven,4
Quick,2
Love,3
Nobody's,1
Soviet,1
Husband,2
Colorado,1
Fascinating,1
Over,1
Disabled,1
Mid-'00s,1
Underwater,1
Caribbean,1
Lego,4
Pet,2
Belle,1
Glee,1
Pep,1
Hire,1
Excuses,1
Anderson,3
Belly,1
Pursuing,1
Reply,1
John,20
Dogs,1
T.I.,1
Tattoos,1
Somebody,4
Drinking:,1
#COCKROACHESANDCHER,1
Horror,3
Susan,1
Rue,1
Water,2
M.I.A,1
Cyclist,1
367,1
Happy,7
Non-Americans:,1
Rey's,1
FYI:,3
Heartbreaking:,2
Sexism,1
Tree,2
FYI,,10
Soldier,2
Profiles,1
Weird,13
Ta'Rhonda,1
Wolverine...,1
Peter,1
Dance,1
PSA,1
Bring,2
Glee""",1,,
32-year-old,1,,
Breaking:,1,,
"Her,1
Tonight's,1
Zooey,1
Apartment,1
Daring,1
DO,1
Top-Ranked,1
Snow,1
$500k,1
Shout,1
103,1
Sorry,5
Dating,2
Adorable,4
Gives,1
Carrie-Anne,1
Kerry,2
I've,1
Stephanie,1
Arctic,1
Southern,1
Hand-Made,1
Bumblebee,1
Spencer,1
Hillary,4
You've,11
Kanellos,,1
CJ,1
T-Shirt,1
Front,1
Night,1
Voice,1
Sculpture,1
Alexandre,1
Timeline:,1
Environmentalism,1
Trend,1
Beware,2
Rockfall,1
Handy,1
Once",1,,
Follow,1,,
Swimmers,1,,
Hovercraft,1,,
Calm,1,,
Busy,1,,
it,1,,
Bush,1,,
Elisabeth,1,,
Puerto,1,,
Horses,1,,
Snoopy,1,,
Bette,1,,
"Extreme,1
Taking,1
Kony",1,,
Pottery,1,,
Snapchats,1,,
Maybe,1,,
Hovering,1,,
"7,1
Truck,1
1",1,,
Bristol,1,,
Naomi,1,,
Bizarre,1,,
Hook,1,,
Macklemore's,1,,
1976,1,,
Elisany,1,,
Rubik's,1,,
Touchdown,1,,
Kobayashi,1,,
Norway’s,1,,
'Katy,1,,
Pets,1,,
Surprise,1,,
T.J.,1,,
Jonathan,1,,
Photographers,1,,
Oscar,1,,
Lin-Manuel,1,,
Impress,1,,
Kuwait,1,,
Karaoke,1,,
5-Year-Old,1,,
Building,1,,
Jamey,1,,
Santa,1,,
Restaurant,1,,
Athlete,1,,
Alice,1,,
Finally!,1,,
Gerard,1,,
Nerds,1,,
Hi-Res,1,,
Trump,1,,
Geriatric,1,,
Liza,1,,
Empire,1,,
Lorde,1,,
Lyn,1,,
Ark,1,,
Swedish,1,,
Ambigram,1,,
Remain,1,,
Garrett,1,,
Tiny,1,,
Premiere:,1,,
Beer,1,,
Bees,1,,
Claudio,1,,
Unconscious,1,,
Nobody,1,,
i-Dosing,1,,
OKCupid,1,,
Quite,1,,
"Hotline,1
Dave,2
Facebook,11
Bieber,2
Chris,22
Drinking,1
F*%king,1
Keith,1
Kirsten,1
Inspiration,1
Drop,7
Instant,1
Possessed,1
Ex-Gay,1
Twentysomethings,,1
Near,1
Corey,1
Lesbians,1
Snazzy,1
Grab,5
Hologram,1
First,12
Amber,4
Gaston,1
Muharram,,1
Cheap,2
Peaches,1
Priest,1
Controversial,2
Pregnancy,1
Best,10
Lord,1
Contestants,1
Fed,1
Missed,1
Nike,3
Make,7
Hey,,4
Aaron,3
Latina,1
Modi,1
Sorority,2
Korean,1
Martha,4
Up""",1,,
Haven't,1,,
Men's,1,,
HBCU,1,,
NBC,1,,
"Poorly,1
Coming,1
Foot,1
Dads,4
Interactive,2
Golden,1
Tone,1
Avery,,1
Tons,1
Chewy,1
Tony,1
Andy,1
Busta,1
NRA,2
Jose,2
Sit,2
Exclusive:,2
Romanian,2
Six,1
Obligatory,1
Instagram's,1
Sia,1
Exclusive!,1
Damn!,1
Actress,1
Joss,2
Karachi's,1
Inappropriately,1
Newborn,1
Maya,1
Monster,1
Mayo,1
Andrew,2
Possibly,2
Heartbreaking,6
Tracy,1
Drawing,1
TRON,1
Lenny,1
Fossilized,1
Life,2
Children's,1
Tooth,1
Massive,3
Futuristic,1
Shannen,2
Mission,1
Bishop,1
Mr.",1,,
Wir,1,,
Situated,1,,
Brutal!,1,,
Snack,1,,
#CampingWithDogs,1,,
Coco's,1,,
Never,1,,
Stuffed,1,,
Elephant,1,,
McNugget,1,,
Truly,1,,
0,1,,
Grandpa,1,,
Struggle,1,,
Das,1,,
Yoko,1,,
Secondary,1,,
Window-Licking,1,,
Pornhub,1,,
Don’t,1,,
Tech,1,,
Cardboard,1,,
Cole,1,,
Deadpool,1,,
Memory,1,,
Microwaving,1,,
Rex,1,,
Darren,1,,
Failed,1,,
Rider,1,,
Red,1,,
Bruce,1,,
Rejected,1,,
Goat,1,,
"Downton,2
Seriously,,2
Adele,,2
Along,1
True,3
McRib,1
13-Year-Old,1
Forever,3
Um...Let's,1
Emma,18
Runway,1
Reddit,1
Shocking,6
David,10
My,19
Saul,1
Hallmark,1
Lolong,,1
Monkeytail,1
Thierry,3
Sanrio,1
Dead,4
Born,1
Daylight,1
Dear,19
Meatloaf,1
Baldwin,1
Ayesha,1
Cascada,1
Snowboarder,1
Visiting,1
Ariel,1
It's,38
Angry,3
Everyone's,12
When,105
Isaac,1
Racist,,1
Cholas,1
Starbucks,1
'Sleeping,1
Delayed,1
Diet,1
Russia,1
Tiger,1
A$AP,1
Test,4
800-Pound,1
Whoa:,1
Zendaya's,3
Those,1
Melting,1
Bei,1
Ben,2
Mean,1
Presented,1
These,348
Hurricane,1
Orlando,1
Bed,1
Newsweek's,1
Jimmy,13
Time,5
Y'all,,1
Bet,4
India's,3
Duke,2
Pope,1
German,1
Quesadillas,1
PLEASE,1
Bath,1
Homeless,1
Non-Scientists,1
Our,1
Puppy-Throwing,1
Troll,1
Sharon,2
Heather,1
Escalator,1
Media,1
Hump,1
Cheeseburger,1
1980s,1
Creed""",1,,
237,1,,
Fangs,1,,
Customize,1,,
Intensely,1,,
Prince's,1,,
"Clarissa,1
Why,70
Debrahlee,1
Natalie,7
141,1
Punk,1
Average,2
Hinds:,1
Hair-Raising,1
SOPA,1
Martin,1
Scary",1,,
Become,1,,
Lamest,1,,
Fury,1,,
Romney,1,,
Hardest-Hitting,1,,
Fukushima,1,,
Sheep,1,,
Mississippi,1,,
Attention,1,,
Painfully,1,,
Over-Protective,1,,
Simon,1,,
"Catch,1
Resting,1
86,1
Nickelback:,1
Sikhs,1
Moving,1
Whitney,2
WTF,5
World,3
Bubbles,1
Italian,1
Grace,3
J.Lo,2
Buck,1
Wildlife,1
Turtles,1
Kylo,1
Asexual,1
Mariachi,1
Devolution,1
Sheikh,1
Heartwarming:,1
Gordon,2
Lonesome,1
Vogue,2
Groomers,1
Simple,1
Kid",1,,
Yellow,1,,
Vajazzling:,1,,
Skin,1,,
Bitch,1,,
Airbus,1,,
Detectives,1,,
Clock,1,,
Dude,1,,
Dolphin's,1,,
Gamestop,1,,
Misophonia,1,,
Knife,1,,
Satellite,1,,
Latino,1,,
Elizabeth,1,,
PS22,1,,
Michigan,1,,
27-Year-Old,1,,
Pocket,1,,
Vivica,1,,
Marceline,1,,
Pregnant,1,,
Braille,1,,
YouTuber,1,,
Cover,1,,
Record,1,,
Niall,1,,
Walrus,1,,
Tattooing,1,,
Cockatoo,1,,
Clip-On,1,,
Tumblr,1,,
Erik,1,,
Ironic,1,,
Pedo,1,,
Eric,1,,
"Mad,1
Giant,4
Ontario,1
Tilt,1
There,37
2015's,3
Macauley,1
Start,1
Black,10
Stars,2
Lisa,1
Probably,1
Ever,2
Anthony,1
Paralympian,1
Transformers,1
Ireland's,1
Posh,1
Tampons,1
CNBC's,1
Problems,2
WARNING:,1
Taraji,7
Completely,1
2,6
Sania,1
Such,1
Badass,1
Frightening,1
Thoughts,9
Longest,1
Eve,,1
Britney,17
Patrice,1
Patrick,1
Naked,3
Jail,1
Cinnamon,1
Asking,1
Corgi,1
Rumsfeld,1
Windowless,1
70-Year-Old,1
History,1
11,199
10,150
13,278
12,177
15,423
14,221
17,864
16,327
19,741
18,462
Carol""",1,,
75Beautiful,1,,
Openly,1,,
Fake,1,,
Cemitas,1,,
Clint,1,,
Orrin,1,,
Cherry,1,,
Tight,1,,
Deep,1,,
Soul-Toons,1,,
Volunteering,1,,
Funeral,1,,
Alicia,1,,
GO!,1,,
Pastor,1,,
Karlie,1,,
Parrot,1,,
Keanu,1,,
Transgender-Cisgender,1,,
Hyperrealistic,1,,
Akin,1,,
GOP,1,,
Trainer,1,,
Photoshop,1,,
Whoever,1,,
Marmot,1,,
Fifty,1,,
Vader,1,,
Becoming,1,,
Principal,1,,
Anti-gay,1,,
Romney:,1,,
7-Year,1,,
Wes,1,,
Across,1,,
Freshers',1,,
Hula,1,,
Kansas,1,,
Gayest,1,,
Solar,1,,
#SelloTapeSelfies,1,,
Earthquake,1,,
Thriller,1,,
Iman's,1,,
Surprising,1,,
Calories,1,,
Muscle,1,,
Remembering,1,,
Gillian,1,,
Winnie,1,,
Felix,1,,
Alanis,1,,
**For,1,,
Hound,1,,
Non-Norwegians,1,,
Clueless,1,,
Grant,1,,
Patricia,1,,
Non-Welsh,1,,
Elmo's,1,,
Meme,1,,
24/7,1,,
Memo,1,,
Snarky,1,,
GoT's,1,,
Jonah,1,,
Boomer,1,,
Thai,1,,
Instructor,1,,
Atheist,1,,
Rescued,1,,
Youtube,1,,
Gummy,1,,
Nadiya's,1,,
LGBT,1,,
Fictional,1,,
Each,1,,
March,1,,
Spider,1,,
WWE,1,,
Walmart—Always,1,,
Death,1,,
Jeremy,1,,
"Chick-Fil-A,1
Jessie,1
Pictures,4
Travel,1
Were,4
20-Minute,1
Hangover,1
15-year-old,1
60,2
61,4
62,6
63,1
65,4
67,2
68,2
69,4
Conspiracy:,1
Riley,1
Sacha,1
Drumbrella,1
Buy,2
Depending,1
Weirdest,1
But,3
Suri,1
Winona,2
Bieberkinis,1
Tetris,1
Inception's,1
Revealed,1
Princess,2
500,1
Crockpot,1
Mugshot,1
Unexplainable,1
Abstinence,1
Oh",1,,
Barbie's,1,,
Action,1,,
Vincent,1,,
Stimulating,1,,
Kenneth,1,,
UFO,1,,
Marshall,1,,
Somehow,1,,
Valuable,1,,
Slow,1,,
Florian,1,,
"This,1
Better,2
DIY,4
Damn,,1
Aggravating,1
Hidden,2
Hot",1,,
Riot,1,,
Chucky,1,,
Chickencare!,1,,
Pancake,1,,
Machete,1,,
Silver,1,,
Grocery,1,,
Soda-Addicted,1,,
Trayvoning,1,,
u8a22,1,,
"Sky,1
Embarrassing,2
Megyn,1
Porn,2
Is,82
Bad,3
Reno,1
Goats,1
Rep.,2
Loki,1
In,32
Flairs,1
Congresswoman's,1
If,211
Pink,1
You're,11
Raisins,1
Prove,1
Ways,1
Clearest",1,,
Missy,1,,
Ranveer,1,,
Zach,1,,
Advice,1,,
Running,1,,
4,1,,
We've,1,,
Miss.,1,,
Student,1,,
Many,1,,
Terrible,1,,
P!nk,1,,
Tour,1,,
U.N.,1,,
Shop,1,,
Shark,1,,
Brave,1,,
Pim,1,,
Elmo,1,,
Share,1,,
London,1,,
Something,1,,
Uncomfortable,1,,
Banged,1,,
Weightlifter,1,,
Marc,1,,
West,1,,
Marv,1,,
DILFs,1,,
Mary,1,,
Brazilians,1,,
Ohhhhhhh,1,,
Presenting,1,,
Mel,1,,
Pole,1,,
Wake,1,,
Outlander,1,,
Vaughn,1,,
Extreme,1,,
Settle,1,,
Patriotic,1,,
Ivanka,1,,
Shower,1,,
Gwendoline,1,,
Relax,1,,
Hobbyist,1,,
Crocodile,1,,
Goys,1,,
Paper,1,,
"What,1
Images,2
*NSYNC,1
Yes,,3
Julianne,3
Ronda,1
No,13
Jurassic",1,,
Gingrich,1,,
Arkansas,1,,
Storm,1,,
Inception’s,1,,
Slarf:,1,,
Tamar's,1,,
Greyson,1,,
Weed,1,,
Germophobe,1,,
NY,1,,
Sansa's,1,,
Infinite,1,,
...is,1,,
Twincest,1,,
Hunchcat,1,,
Stevie,1,,
UPDATED.,1,,
23-Year-Old,1,,
Britain's,1,,
Fools',1,,
Cuffing,1,,
Marvel,1,,
LEGO,1,,
COCK,1,,
Retro,1,,
Coloring,1,,
40-Foot,1,,
Sachin,1,,
Non-Canadians,1,,
Wicked,1,,
Lab,1,,
Reese's,1,,
Teaser,1,,
Palin,1,,
Law,1,,
Intense,1,,
Sufjan,1,,
Sure...seems,1,,
Skin—A,1,,
Petition,1,,
Alec,1,,
Reasons,1,,
Bro,1,,
Violent,1,,
Runaway,1,,
Three-Year-Old,1,,
Bieber's,1,,
Van,1,,
Greasiest,1,,
Stills,1,,
Wayne,1,,
'Judge,1,,
Madeleine,1,,
Renaissance,1,,
Barbara,1,,
Starburst,1,,
Va.,1,,
Investigation:,1,,
Recovering,1,,
Peanut,1,,
VAMPIRE,1,,
GIF,1,,
Gingers,1,,
Zadie,1,,
Salt,1,,
Black-ish,1,,
Seasonal,1,,
Maisie,1,,
Darrell,1,,
Fiona,1,,
Psycho,1,,
Genuine,1,,
Nadiya,1,,
Crossdresser,1,,
Ridiculously,1,,
Enya,1,,
Korea,1,,
Singles,1,,
Mick,1,,
Conflict,1,,
Samus,1,,
Scarred,1,,
Pull,1,,
9-Year-Old's,1,,
Pimp,1,,
Peek,1,,
Unrequited,1,,
Proud,1,,
Catty,1,,
Patti,1,,
Noo,1,,
Lilly,1,,
Weezer,1,,
Taiwan,1,,
900,1,,
Sansa,1,,
Justina,1,,
Keenan,1,,
NBC's,1,,
Joan,1,,
Dan,1,,
Spinach,1,,
Yogi,1,,
Battleship:,1,,
Theory:,1,,
Too,1,,
Curly-Haired,1,,
Dolls,1,,
Core,1,,
Serenading,1,,
Pumpernickel,1,,
Chad's,1,,
Life-Altering,1,,
Hoooooly,1,,
Depressed,1,,
Philippines,1,,
Interracial,1,,
Patton,1,,
Grilled,1,,
"Proud,1
Breathtaking,1
Tiffany,1
Migraines,1
Your,45
Hitler,1
Vin,1
Spiraling,1
Hipster,3
Virat,1
Teens,6
Years,1
Interpretive,1
Qatar's,1
Me",1,,
Frances,1,,
Shadow,1,,
"My,2
159,1
Improve,2
Muppets,1
Don,1
Mythical,1
Doc,1
Arrested,1
Dog,7
Fever,1
Gilmore",1,,
McDonald's:,1,,
Daisy,1,,
WikiLeaks,1,,
Sophie,1,,
Chair,1,,
Eva,1,,
Deer,1,,
Gemmadelsud's,1,,
Plus,1,,
Nerd,1,,
"South,1
Relationships,1
What,579
Purple,1
'Home,1
Roald,1
Texas,1
24,295
25,245
26,206
27,290
20,148
21,837
22,346
23,505
Lizzie,1
Steven,7
28,107
29,171
Hayao,3
Putting,1
Live-Action,1
Ventriloquist,1
JoJo,1
Damn",1,,
Ellie,1,,
Youth,1,,
Senior,1,,
Bam,1,,
Rafael,1,,
Rad,1,,
Aliens,1,,
Raw,1,,
Bad-ass,1,,
Bionic,1,,
Drew,1,,
Built,1,,
Rose,1,,
Cool,1,,
Bryce,1,,
MTV,1,,
1920s,1,,
Leaving,1,,
Historical,1,,
Male,1,,
Suzanne,1,,
Bros,1,,
Retro-Inspired,1,,
Lexus,1,,
Huge,1,,
Relative,1,,
Remains,1,,
Sia's,1,,
Hugh,1,,
Orgasmic,1,,
Dangers,1,,
Gilbert,1,,
Kaley,1,,
"Game,6
Eating,1
Nature,1
Models,3
Jade,1
Zombie,3
Delta,1
Space:,1
Grimes,1
Paolo,1
Justin,41
Skull,1
Molotov,1
Out:,1
Shout-Out,1
.50,1
Kourtney,1
TLC,2
Things",1,,
Long,1,,
Bengalis:,1,,
Road,1,,
Taxi,1,,
Cancer,1,,
Hunger,1,,
Rebecca,1,,
Officials,1,,
"He,1
Elementary,1
Guillermo,1
Six-Year-Old,1
Seabreacher,1
Grafitti,1
Alcohol,1
Mumbai,1
God,1
Peace,1
Father,3
Extraneous,1
It,19
Penn,1
Without",1,,
Nurse,1,,
Ukrainian,1,,
Walmart,1,,
Joffrey,1,,
Galileo,1,,
"Old,1
Kia,1
Hipsters,,1
With,5
Teacher,2
Kenan,1
Kid,1
Jimmy",1,,
Bioluminescent,1,,
Linkin,1,,
Rotting,1,,
NSYNC,1,,
Heath,1,,
72,1,,
Swordfighting,1,,
Janet,1,,
Egypt,1,,
Jaimie,1,,
Domhnall,1,,
Cost,1,,
Jonny,1,,
Singing,1,,
Avatar:,1,,
Lo-Fi,1,,
Babies,1,,
Hat,1,,
Poor,1,,
Fried,1,,
Amateur,1,,
Nationwide,1,,
Freestyle,1,,
Makeup,1,,
Mario.,1,,
Bartenders,1,,
Sherlock,1,,
Hell,1,,
Radiohead,1,,
Animators,1,,
Irrefutable,1,,
Troye,1,,
Noma,1,,
Create,1,,
Southerners,1,,
"Finding,1
Craziest,1
GET,1
See,10
ASOS's,1
Part,1
Mascot,2
Branching,1
Skydive,1
Politician,1
Hostile,1
Be,1
Moroccans,1
Could,8
Florida,5
Oh.,1
Quiet,1
11-year-old,1
Phoebe,2
Superstitious,1
Um,,1
Teenage,3
Jason,6
Amazingly,,2
Fish,1
Steve,5
X-Files,1
Chic,1
Meltdown,1
Macaulay,3
Graham,1
Company,1
Felicia,1
Superman,1
Poll:,8
Snoop,2
Honey",1,,
Psychotic,1,,
Mt.,1,,
Capybara,1,,
Online,1,,
TMI,1,,
War,1,,
Buff,1,,
Snooki,1,,
Report:,1,,
California,1,,
Plan,1,,
Floral,1,,
Liquid,1,,
Despite,1,,
Donkey,1,,
15-Year-Old,1,,
Blackface,1,,
Switch,1,,
Saudi,1,,
Rory,1,,
Katniss,1,,
50-Cent,1,,
Bloody,1,,
Unbelievably,1,,
Kobe,1,,
Baguette,1,,
Landon,1,,
Carstache,1,,
Handmade,1,,
Someone’s,1,,
Foul-Mouthed,1,,
Survivors,1,,
Tyler,1,,
Pamela,1,,
Horrible,1,,
Taken,1,,
Brooklyn,1,,
Emojis,1,,
Homophobic,1,,
"Mega,1
Samantha,2
Football,3
Shattered...If,1
Chocolate,2
Fastest.,1
Brandy,1
Christopher,2
Beans",1,,
Haunting,1,,
Avengers,1,,
Mega,1,,
Thom,1,,
Betty,1,,
Cello,1,,
Classy,1,,
Look,1,,
Casablanca,1,,
Skeleton,1,,
Whatever,1,,
Highly,1,,
Bradley,1,,
"Dad,1
Learning,1
Dakota,6
Find,15
Confusing,1
Little,10
Dancing,2
Vintage,1
Booze,2
Damn,2
Choose,5
Dynamic",1,,
Penelope,1,,
Familiar,1,,
R.I.P.,1,,
Nothing,1,,
Staring,1,,
Performers,1,,
300,1,,
ArcAttack,1,,
BYU,1,,
Congressmen,1,,
Dascha,1,,
Pack,1,,
Turtle,1,,
Jada,1,,
Dead,1,,
Lion,1,,
Dumb,1,,
Looks,1,,
Bedroom,1,,
Pokemon,1,,
Common,1,,
Psychosocial,1,,
Eli,1,,
“I,1,,
Tonsil,1,,
Literal,1,,
Gaga,1,,
Girlfriends,1,,
Shah,1,,
Magicians,1,,
Obie,1,,
Cursing,1,,
Fastest,1,,
#FlotusBars,1,,
Greedo,1,,
Sixteen,1,,
Come,1,,
Instafamous:,1,,
Animals,1,,
Esperanza,1,,
Hurley,1,,
Slavery,1,,
Gucci,1,,
Psalm,1,,
Ombre-Beige,1,,
SNL's,1,,
We’ve,1,,
Doing,1,,
Comedy's,1,,
Africa,1,,
Seriously,1,,
"Days,1
Beethoven's,1
Hambuster,1
BOOM,1
Babydoll,1
Excerpts,1
Brie,1
Ansel,1
Fart-Absorbing,1
Perhaps,1
Storms,1
VHS,1
To,3
International,1
Kesha,2
Protestors,1
Polar,1
Electromagnets,1
TV,1
Mormon,2
40-Car,1
Celebrities",1,,
Co-Workers,1,,
Sisters,1,,
Santorum:,1,,
Customer,1,,
Pole-Dancing,1,,
MemeFactory,1,,
Netflix,1,,
Gender,1,,
Coffee,1,,
Thought,1,,
Cast,1,,
Cindy,1,,
Delightfully,1,,
Vogue's,1,,
"Scott,1
Uzo,3
Gripping,1
Westboro,2
Belligerent,1
Virgin",1,,
Goofy,1,,
Perseid,1,,
Finalist,1,,
Grief,1,,
Nutelleria,1,,
Celebrities:,1,,
Jaime,1,,
Chick,1,,
Surprise!,1,,
Charlotte,1,,
Trainspotting:,1,,
Disguise,1,,
Turkey,1,,
Spending,1,,
Taiwanese,1,,
Asos,1,,
"Fallout,1
Malala,1
Camera,1
Zoolander,1
Don't",1,,
Brace,1,,
Creepiest,1,,
Blink-182,1,,
Kimchi,1,,
Boyz,1,,
Former,1,,
Peyton,1,,
Marty,1,,
Plumber,1,,
Kesha's,1,,
'California,1,,
Gaddafi's,1,,
Professor,1,,
Ostrich,1,,
Greek,1,,
Green,1,,
"Siamese,1
Puppies,3
Protomartyr's,1
39,32
38,17
Chinese,3
33,77
32,71
31,133
30,72
37,32
36,31
35,44
Jennifer,28
Alien,1
Biker,1
Kermit,1
Religious,1
Henryville,,1
Wonder,1
Blake,9
Muslim,1
Mickey's,1
Stannis,1
FX,1
Hindu,1
Robert,6
Threatening,1
Alleged,1
Nick,10
Brazilian,4
Answer,9
Alpaca,1
Fred,3
UPDATE:,3
Rita,2
Piss,1
Explaining,1
Lena,2
Hug,1
Pomeranian,1
Bosnian,1
Trampoline,1
Drag,2
Basically,1
Wedding,1
Lane,1
Lana,2
Non-Mexicans,1
Denmark,1
Feast,1
Priorities,1
Honest,3
Gus,1
Claire,1
Today's,5
Guy,10
THE",1,,
School-Girl,1,,
LOST,1,,
#DARKTWISTEDFANTASY,1,,
UCLA,1,,
All-Girl,1,,
Pool,1,,
Spice,1,,
Nicole,1,,
Kathleen,1,,
TDKR,1,,
Television's,1,,
Beagle,1,,
Mr.,1,,
Lovely,1,,
~*COUNTDOWN,1,,
Several,1,,
Drink,1,,
Beast,1,,
Scientist,1,,
Yr,1,,
Memento,1,,
Lionel,1,,
ABC,1,,
Uplifting,1,,
Two-Legged,1,,
Community,1,,
Denis,1,,
Catholic,1,,
Deathly,1,,
Raise,1,,
Dudley,1,,
Meteorite,1,,
Hottest,1,,
Match,1,,
Scrotum,1,,
Scientific,1,,
Congrats,1,,
"Wayne's,1
Brooke,1
Bollywood,4
Capture",1,,
Cam,1,,
Venus,1,,
"Hillary,1
Robin,1
Coolest,2
Pearl",1,,
Supreme,1,,
Disgusting:,1,,
Pro,1,,
THIS,1,,
Disney's,1,,
Play-Doh's,1,,
Loaded,1,,
"Arm,1
Kate,16
Guys,,4
From,11
Whales,1
Balloon,1
Next,1
Vagina,1
89,3
Which,814
82,1
80,2
Toddler,1
Bubble,1
84,1
85,2
*sets,1
Gravy,1
Very,2
Thousands,9
Natalia,1
Slimy,1
Breast,1
Redneck,1
Baby,13
Umm,,1
Unique,1
Cartoon,1
UK's,1
This,1483
Yo,,2
Outrageous,1
Stupid,1
Ryan,23
Canadians,4
Tituss,1
Meet,58
Parents,,1
Stacking,1
Zhang,1
Celebrities,10
Arsenal,1
Jesus,4
59,6
Hanging,1
Comic,3
Developer,1
Jamie,2
Kendrick,1
World's,16
Prop,2
Egypt's,1
MSNBC,1
Local,1
Wrong:,1
Playboy,2
North,9
Timeline,1
Infinitely,1
Sir,,1
Medicaid,1
Adult,1
Thundercats,1
OMG.,1
Malin,1
Meteorologists,1
Declaration,1
Actual,3
Mesmerizing,1
Trader,1
Azealia,1
Pretzel,1
See",1,,
Tube-Free,1,,
Portraits,1,,
Siri,1,,
Behold!,1,,
Italians,1,,
Why'd,1,,
"Pretty,1
Pat,2
Richard,1
Highlights,1
Flying,2
Strangers,5
Secret,1
Drummer,1
Six-Inch,1
Interview,1
Pan,1
ELO,1
Lance,1
Legs,1
Couple,1
After,19
Photos,8
Zayn,10
Doggie,1
Invisible,1
Mindy,3
Robbie,1
Pencil,1
GFs,1
Titanic,1
iPhone,2
Yeah,,1
Without,1
Heidi,3
...But,1
Gregory,1
Countess,3
Lindsay,3
Taste,1
Leaked,3
Salted,1
Pussy,1
Some,24
Pop,1
Marquese,1
High,3
Donald,14
Wow,,2
Life-Changing,1
NOTHING,1
Earth,1
Creepier,1
Everybody,3
Whose,2
Matt,7
Ian,2
'Creepy,1
Boners,1
Paris,4
P-Nut:,1
Einstein,,1
Branded,1
Stun,1
Public,2
Whoa.,4
Jaden,1
Shut,4
Meanwhile,1
Vanessa,2
Author,1
Meanwhile,,3
Unpublished,1
UPDATED:,1
Fleshlight,1
Mom,3
Jacob,3
Legend,1
Homes,1
Finnish,2
Stranded,1
120,1
Whiskey,1
122,1
River,1
64-Year-Old,1
Pigskin,17
Rihanna,11
Because,5
Impossibly,1
Maury,1
Hack,1
Repairo.,1
Seinfeld,1
Halsey,1
Grown,2
Recursive,1
Pauly,1
Diane,1
NYC's,1
Send,1
Zoo,2
Post-It,1
Mysterious,1
Fighter,1
Pi,1
Millie,1
Paula,2
Nyan,2
Good,4
Wisconsin,2
Believers,1
Aurora,2
Ariana,7
PC,1
Geisy,1
Kitten,2
Skywalking""",1,,
Straddling,1,,
Groundhogs,1,,
"Mozart,1
S,1
Paul,,1
Top",1,,
P.,1,,
Synchronized,1,,
"Like,,1
Zac,6
Obscene,1
Would",1,,
Burger,1,,
Design,1,,
Delicious,1,,
BUZZFEED,1,,
Her,1,,
Guinea,1,,
Miracles:,1,,
Thieves,1,,
Music,1,,
Two-Thirds,1,,
Perrie,1,,
"Wonder,1
Get,13
Glow-In-The-Dark,1
Judah,2
Yahoo,2
Oscar-Nominated,1
Brooklyn,1
Cheers""",1,,
Sandra,1,,
Merry-Go-Round,1,,
Delectable,1,,
Face,1,,
Cousin,1,,
Professional,1,,
That's,1,,
1-Year-Old,1,,
Magneto,1,,
Dwyane,1,,
Elderly,1,,
File-Sharing,1,,
Pulling,1,,
Rally,1,,
Bricka,1,,
"But,1
America's,2
Purchase,1
Astronaut,1
Russia's,3
You,126
Anti-Obama,1
Friendly,8
Product,1
Cristiano,1
Typed,1
Huggies,1
Hunter,1
Bear,3
England,1
Mitt's,1
Regular,1
Multitasking,1
Etsy,1
Types,1
Posted,1
Danny,1
X-Rays,1
Avoiding,1
Bucket,2
Avatar,1
Explosion,1
Parseltongue,1
Order,8
Gloria,2
Kristen,9
Naughty,1
Adults,4
Horoscopes,1
Have,12
Artists,2
Violin,1
Banned,1
She,2
ATTENTION,,1
Converse,1
Using,1
Internationally,1
Alarming,1
Social,1
43,25
Sunday,1
Zendaya,3
BP,1
ATTENTION:,1
Stewart/Colbert,1
Spycam,1
Unbelievable,2
Camilo,1
Grandparents,2
Blanket,1
Friday,1
YouTube,1
Camila,1
Fat,3
Victoria,1
Broken,1
Fan,1
Yikes,,1
Taco,3
Inception,2
Dita,1
F#@k,,1
By,1
Heroic,1
Misty,1
Summer,2
Redesigned,1
Strangest,1
Dinner,1
Camels,1
Teen's,1
Officer,1
Newspaper,1
Volcano,1
Proof,13
Fashion,1
Carrie,10
Cumulus,,1
4-Part,1
Honey,3
Fear,1
Quick,,1
SOUND,1
Brad,1
Awkward,2
Oprah,9
Mandy,1
Actor,2
Booze,,1
There's,44
Chastity,1
Smh.,1
Sad,1
250,1
Eugene,1
Mike,6
Mancan""",1,,
Killer,1,,
Sailor,1,,
iPad:,1,,
Bull,1,,
Yiiiiiiiiiiikes.,1,,
Heaven,1,,
Eden,1,,
Jewel,1,,
Up,1,,
Times,1,,
Chester,1,,
Brokeback,1,,
Microsoft,1,,
Toilet,1,,
Fetus,1,,
Transparent,1,,
WANTED:,1,,
Bulldog,1,,
Zero,1,,
Chatroulette,1,,
Angelica,1,,
Tween,1,,
Iraqi,1,,
Curvy,1,,
Guitar,1,,
AMC's,1,,
Spectacular,1,,
PMS,1,,
Utah,1,,
Chance,1,,
'80s,1,,
Shaping,1,,
"One,1
Science,2
Well,1
Smasan,1
Penis,1
M.I.A.'s,1
Chilaquiles,1
Chelsea,3
Knock,,1
Gold,1
Aerialist,1
Wall,1
Tea,3
BuzzFeed,17
Ted,1
Arjun,1
Thriller""",1,,
Ralph,1,,
Etsy's,1,,
Jesse,1,,
CIA,1,,
Pokémon,1,,
Zombie-Proof,1,,
Speedflying,1,,
Fulbright,1,,
Latinas,1,,
Vancouver,1,,
Twitter's,1,,
Bearded,1,,
81,1,,
Yesterday,1,,
Marco,1,,
Hanna,1,,
41,0,1,
200,0,1,
Butterfinger,,1,
BFWKND,,,
Well,,4,
Cheap,,1,
Welp,,2,
Okay,,1,
House,,1,
Lauren,,1,
Women,,1,
Fires,,1,
Daleks,,1,
Joyland,,1,
Goodbye,,1,
Men,,1,
Moms,,1,
Finally,,4,
Honestly,,1,
Hark,,1,
Prince,,1,
Maury,,1,
Pickles,,1,
Hallelujah,,1,
EXO,,1,
Folks,,1,
Big,,1,
Teachers,,2,
Chernobyl,,1,
We,,2,
I,,3,
Congrats,,1,
OMFG,,1,
Strange,,1,
Yesterday,,1,
Fuck,,3,
Psst,,1,
Yup,,1,
You,,1,
Attention,,1,
Dude,,4,
Dang,,1,
Frankly,,1,
Lutnik,,1,
Ladies,,1,
OK,,2,
Wait,,4,
"Opie,1
8,68
Guys,11
Grow,1
Khloe,1
Penguin,1
Michelle,3
Wife,1
Imagine,1
Thanksgiving,1
Crystal,1
While,3
Kung,2
Quiz:,1
PETA's,1
Olympic,3
Help,2
Suddenly,1
Stop-Motion,1
Non-Americans,1
Beetles,1
Powerful,1
Tyra,3
Improper,1
J.,1
Female,1
Damn",,1,
Duck,,1,
Sorry,,1,
Drake,,1,
Disney,,1,
Somehow,,1,
Twilight,,1,
No,,7,
Diwali,,1,
Johnson,,1,
Greenpeace,,1,
Twerking,,1,
Behold,,2,
Whoa,,1,
Sure,,1,
Please,,3,
"World,1
Funnel,1
April,1
Future,1
Praise,1
Lose,1
Pumpkin,3
South,2
Eyjafjallajökull,1
Caine's,1
Demi,10
Banksy,2
Sid,1
Doggy-Style,1
Shooting,1
8th,1
",,,
